codigo,nombre,sigla,tipo,hoja_matriz,activo
SEC. VIVIENDA,SECRETARIA DE VIVIENDA,SECRETARIA DE VIVIENDA,central,SEC. VIVIENDA,1
EDESA,EMPRESA DE SERVICIOS PUBLICOS DEL DEPARTAMENTO DEL META - EDESA,E.D.E.S.A.,descentralizado,EDESA,1
SEC. AGRICULTURA,SECRETARIA DE AGRICULTURA Y DESARROLLO RURAL,SECRETARIA DE AGRICULTURA,central,SEC. AGRICULTURA,1
SEC. GESTION DEL RIESGO,DIRECCION DEPARTAMENTAL PARA GESTION DEL RIESGO DE DESASTRES,DIRECCION DE GESTION DEL RIESGO,central,SEC. GESTION DEL RIESGO,1
SEC. DDHH,SECRETARIA DE DERECHOS HUMANOS Y PAZ,SECRETARIA DE DERECHOS HUMANOS Y PAZ,central,SEC. DDHH,1
AIM,AGENCIA PARA LA INFRAESTRUCTURA DEL META - AIM,A.I.M.,descentralizado,AIM,1
IDERMETA,INSTITUTO DE DEPORTE Y RECREACION DEL META,IDERMETA,descentralizado,IDERMETA,1
DAPD,DEPARTAMENTO ADMINISTRATIVO DE PLANEACION DEPARTAMENTAL,D.A.P.D.,central,DAPD,1
SEC. JURIDICA,SECRETARIA JURIDICA,SECRETARIA JURIDICA,central,SEC. JURIDICA,1
FSES,DIRECCION PARA EL FOMENTO DE LA EDUCACION SUPERIOR - FES,F.S.E.S.,por_confirmar,FSES,1
INST. TURISMO,INSTITUTO DE TURISMO DEL META,INSTITUTO DE TURISMO,descentralizado,INST. TURISMO,1
SEC. AMBIENTE,SECRETARIA DE AMBIENTE,SECRETARIA DE AMBIENTE,central,SEC. AMBIENTE,1
SEC. COMUNICACIONES,SECRETARIA DE COMUNICACIONES,SECRETARIA DE COMUNICACIONES,central,SEC. COMUNICACIONES,1
SEC. EDUCACION,SECRETARIA DE EDUCACION,SECRETARIA DE EDUCACION,central,SEC. EDUCACION,1
SEC. SOCIAL,SECRETARIA SOCIAL,SECRETARIA SOCIAL,central,SEC. SOCIAL,1
SEC. MUJER,SECRETARIA DE LA MUJER,SECRETARIA DE LA MUJER,central,SEC. MUJER,1
SEC. ADMINISTRATIVA,SECRETARIA ADMINISTRATIVA,SECRETARIA ADMINISTRATIVA,central,SEC. ADMINISTRATIVA,1
INST. CULTURA,INSTITUTO DE CULTURA DEL META,INSTITUTO DE CULTURA,descentralizado,INST. CULTURA,1
CONTROL INTERNO,OFICINA DE CONTROL INTERNO,OFICINA DE CONTROL INTERNO,central,CONTROL INTERNO,1
SEC. COMPETITIVIDAD,SECRETARIA DE COMPETITIVIDAD Y DESARROLLO ECONOMICO,COMPETITIVIDAD,central,SEC. COMPETITIVIDAD,1
TRANSITO,INSTITUTO DEPARTAMENTAL DE TRANSITO Y TRANSPORTE,TRANSITO Y TRANSPORTE,descentralizado,TRANSITO,1
CASA CULTURA,CASA DE LA CULTURA JORGE ELIECER GAITAN,CASA DE LA CULTURA,descentralizado,CASA CULTURA,1
SEC. GOBIERNO,SECRETARIA DE GOBIERNO Y SEGURIDAD,SECRETARIA DE GOBIERNO,central,SEC. GOBIERNO,1
SEC. TICS,SECRETARIA DE LAS TECNOLOGIAS DE LA INFORMACION Y LAS COMUNICACIONES,SECRETARIA DE TICS,central,SEC. TICS,1
SEC. HACIENDA,SECRETARIA DE HACIENDA,SECRETARIA DE HACIENDA,central,SEC. HACIENDA,1
MINAS Y ENERGIA,SECRETARIA DE MINAS Y ENERGIA,MINAS Y ENERGIA,central,MINAS Y ENERGIA,1
SEC. SALUD,SECRETARIA DE SALUD,SECRETARIA DE SALUD,central,SEC. SALUD,1
