id_matriz,descripcion,linea_base,meta_cuatrienio,indicador_resultado_nombre,indicador_unidad,indicador_orientacion,subprograma_codigo_matriz,subprograma_nombre_matriz,nota_migracion,metas_producto_codigos,n_metas_producto
1,A traves de 1 estrategias se mejorará la capacidad institucional del Fondo de Educacion Superior,,,Estrategias ejecutadas,,,4.1.8.4,APOYOS FINANCIEROS PARA TRANSFORMAR VIDAS,,41084014501,1
2,A través de 6 estrategias se mejorará la capacidad institucional de la Gobernación del Meta,,,Estrategias ejecutadas,,,,,sus metas producto están en 6 subprogramas distintos; subprograma_id queda NULL,61041014501|61041014502|61041024501|61041024502|61041034501|61041034502|61041034503|61041044501|61041044502|61041054501|61041054502|61041064501,12
3,Acceder a información confiable y en tiempo real de forma permanente del sector educativo.,,,Sistemas de información implementados,,,4.1.8.3.2,DIAGNOSTICO DEL SECTOR,,41083022201,1
4,"Alcanzar el 60% de cobertura de la población del Meta con acceso a las culturas, las artes, los saberes y los oficios.",,,"Porcentaje de población con accesos a las culturas, las artes, los saberes y los oficios.",,,,,sus metas producto están en 19 subprogramas distintos; subprograma_id queda NULL,21091013301|21091023305|21091033301|21092013301|21092023301|21092033301|21092033302|21092033303|21092043301|21092043302|21092043303|21092053301|21092073301|21092083301|21092083302|21092083303|21092093301|21092103301|21092103302|21092103303|21092123301|21093013301|21093013302|21093013303|21093023301|21093033301|21093043301|21093043302|21093043303|21093043304|21093053301|21093053302,33
5,"Alcanzar mínimo el 95% de las coberturas de vacunación en los biologicos trazadores que hacen parte del esquema nacional, en el Departamento",,,Salud - Cobertura vacunación pentavalente en menores de 1 año,,,,,sus metas producto están en 2 subprogramas distintos; subprograma_id queda NULL,41072021901|41072081901|41072081903,4
6,"Apoyar a los 29 municipios del Departamento, en el 100% del monitoreo de las condiciones sanitarias de los objetos y sujetos de interés sanitario que se demande",,,Salud - Índice de Riesgo de la Calidad del Agua - IRCA urbano nacional,,,4.1.7.1.2,FISCALIZACIÓN SANITARIA DE BIENES Y SERVICIOS DE USO Y CONSUMO HUMANO,,41071021901|41071021902,2
7,Asegurar la adecuada recolección y disposicion final de los residuos solidos en 9 municipios,,,Municipios con adecuada disposicion de residuos solidos,,,3.1.2.1.3,GESTIÓN INTEGRAL DEPARTAMENTAL DE RESIDUOS SÓLIDOS,,31021034001,1
8,Asistir a los 29 municipios en los procesos de gestión en salud pública,,,Salud - Tasa de mortalidad (x cada 1.000 habitantes),,,,,sus metas producto están en 5 subprogramas distintos; subprograma_id queda NULL,41072011901|41072011902|41072031902|41072081904|41072101901|41072141901,7
9,Asistir al 100% de las instituciones interesadas en el proceso de acreditación,,,Salud - Tasa de mortalidad (x cada 1.000 habitantes),,,4.1.7.1.1,"FORTALECIMIENTO DE LA INSPECCIÓN, VIGILANCIA Y CONTROL A LAS ENTIDADES DEL SECTOR SALUD",,41071011901,1
10,"Atender a 11.000 adultos mayores en procesos participativos, culturales, recreativos y de bienestar que exalten su reconocimiento y labor en la sociedad y en estrategias para mejorar la calidad de vida, la autonomía y la independencia de los adultos mayores.",,,"Número de adultos mayores fortalecidos en procesos participativos, culturales, recreativos y de bienestar que exalten su reconocimiento y labor en la sociedad",,,,,sus metas producto están en 4 subprogramas distintos; subprograma_id queda NULL,41013014101|41013014102|41013014103|41013014104|41013014105|41013024101|41013024102|41013024103|41013024104,11
11,Aumentar 6 puntos porcentuales la prevalencia de uso de anticonceptivos modernos de larga duración reversibles en mujeres de 13 a 49 años,,,Salud - Mujeres con suministro de métodos de anticoncepción,,,4.1.7.2.2,PLAN DE SALUD PÚBLICA DE INTERVENCIONES COLECTIVAS,,41072021902,1
12,"Aumentar al 50% la cobertura de desparasitación antihelmintica, en niños elegibles en edad prescolar y escolar, en el departamento",,,Salud - Tasa de mortalidad (x cada 1.000 habitantes),,,4.1.7.2.2,PLAN DE SALUD PÚBLICA DE INTERVENCIONES COLECTIVAS,,,1
13,Aumentar al 69% el Índice de Desempeño Fiscal del Departamento,,,Estrategias para el mejoramiento del índice de desempeño fiscal ejecutada,,,6.1.2.1.1,FORTALECIMIENTO FISCAL Y FINANCIERO,,61021014502|61021014503|61021014504|61021014505|61021014507,6
14,"Aumentar en 10% la percepción de protección, respeto y garantía de los DDHH y el DIH en el departamento del Meta",,,"% de la percepción de protección, respeto y garantía de los DDHH y el DIH aumentado",,,,,sus metas producto están en 2 subprogramas distintos; subprograma_id queda NULL,11021014501|11021014502|11021014503|11021014504|11021014505|11022014501|11022014502|11022014503,8
15,"Aumentar en 20% la promoción, prevención, asistencia, atención integral y participación efectiva de la población víctima del Meta",,,"% de aumento de la promoción, prevenció, asistecia, atención integral y participación",,,,,sus metas producto están en 3 subprogramas distintos; subprograma_id queda NULL,11031014101|11031014102|11031014103|11031014104|11032014101|11032014102|11032024101|11032024102|11032024103,9
16,Aumentar en 5% la participación de la delegación del Meta de alto rendimiento en Juegos Nacionales,,,Porcentaje de participantes en juegos nacionales,,,,,sus metas producto están en 5 subprogramas distintos; subprograma_id queda NULL,41102014301|41102014302|41102014303|41102024301|41102024302|41103014501|41103014502|41103024501|41103034501,9
17,"Aumentar en 6.000 beneficiarios de acciones y procesos culturales de formación, creación, circulación, promoción, divulgación, oralidad, lectoescritura, reconocimiento y salvaguardia del patrimonio material e inmaterial del departamento del Meta",,,Personas capacitadas,,,,,sus metas producto están en 7 subprogramas distintos; subprograma_id queda NULL,41091013301|41091023301|41092013301|41093013301|41093023301|41093030000|41094013301,7
18,Aumentar la cobertura del servicio de acueducto en un 3% para la disminucion de brechas en el servicio de agua potable,,,Aumento de la cobertura del sistema acueducto,,,3.1.2.1.1,AGUA PARA TODOS,,31021014004,1
19,Aumentar la cobertura del servicio de alcantarillado en un 2% para la disminucion de brechas en el servicio de saneamiento basico,,,Cobertura del servicio de alcantarillado aumentado,,,3.1.2.1.2,OPTIMIZACIÓN DE INFRAESTRUCTURA SANITARIA,,31021024001|31021024002|31021024003|31021024004,4
20,"Beneficiar a 2600 personas con discapacidad y/o cuidadores con servicios de atención integral y productiva, así como con espacios de participación que permitan mejorar la calidad de vida, su autonomía e independencia familiar.",,,"Número de personas con discapacidad, sus familias y cuidadores beneficiadas con servicios de atención integral y productiva, así como con espacios de participación que permitan mejorar la calidad de vida, su autonomía e independencia familiar.",,,,,sus metas producto están en 3 subprogramas distintos; subprograma_id queda NULL,41014014101|41014024101|41014034101|41014034102|41014034103,5
21,Beneficiar a 31500 personas en situación de vulnerabilidad con acciones para el acceso a la alimentación y nutrición.,,,Número de personas personas en situación de vulnerabilidad beneficiadas con acciones para el acceso a la alimentación y nutrición.,,,,,sus metas producto están en 2 subprogramas distintos; subprograma_id queda NULL,41021024101,3
22,"Beneficiar a 4800 personas de comunidades Afrodescendientes en condiciones de vulnerabilidad y pobreza con acciones orientadas a superar brechas de desigualdad en lo social, cultural, económico y territorial.",,,Número de personas Afrometenses con condiciones socioculturales mejoradas,,,4.1.4.1.3,SUMANDO VOCES,,41041034101|41041034102|41041034103,3
23,"Beneficiar a 8300 personas de los pueblos y comunidades indígenas, con el fortalecimiento organizativo y del gobierno propio a traves de la construcción, gestión e implementación de instrumentos de planeacion del territorio",,,Número de personas Afrometenses con condiciones socioculturales mejoradas,,,4.1.3.1.4,ECONOMÍA PROPIA Y DESARROLLO SOSTENIBLE,la misma meta resultado aparece con 2 indicadores distintos; hay una fila por indicador,41041014101,1
24,"Beneficiar a 8300 personas de los pueblos y comunidades indígenas, con el fortalecimiento organizativo y del gobierno propio a traves de la construcción, gestión e implementación de instrumentos de planeacion del territorio",,,"Número de personas de los pueblos y comunidades indígenas, beneficiadas con el fortalecimiento organizativo y del gobierno propio a traves de la construcción, gestión e implementación de instrumentos de planeacion del territorio",,,,,la misma meta resultado aparece con 2 indicadores distintos; hay una fila por indicador; sus metas producto están en 4 subprogramas distintos; subprograma_id queda NULL,41031014101|41031024101|41031034101|41031044101,4
25,"Beneficiar integralmente al personal docente, directivo docente y adminsitrativo del Meta a través de un plan de bienestar laboral",,,Docentes beneficiados a través de un plan de bienestar laboral,,,4.1.8.3.1,BIENESTAR Y PARTICIPACIÓN,,,1
26,"Brindar a 36.000 jóvenes metenses espacios efectivos de participación, empoderamiento económico e integración intersectorial",,,Número de jóvenes atendidos,,,,,sus metas producto están en 5 subprogramas distintos; subprograma_id queda NULL,41012014101|41012014102|41012024101|41012034101|41012044101|41012054101,6
27,Consolidar un (1) mecanismo de gobernanza para la internacionalización que permita articular actores y mejorar la competitividad del Meta,,,Documento,,,2.1.3.2.1,INTERNACIONALIZACIÓN COMO POLÍTICA PÚBLICA,,21032013504,1
28,Construir infraestructura para mejorar el acceso a los servicios básicos y el fomento del desarrollo económico de las comunidades Metenses,,,Infraestructura para la cobertura de servicios basicos realizadas,,,2.1.10.1.4,EJECUCIÓN DE OBRAS PARA LA UNIDAD,,21101042104,1
29,"Construir infraestructura sostenible en el sector energético para mejorar el acceso a los servicios básicos, enfocadas en la generación de energía limpia y renovable",,,Infraestructuras energeticas sostenible realizadas,,,2.1.10.1.4,EJECUCIÓN DE OBRAS PARA LA UNIDAD,,,1
30,"Crear entornos seguros y dignos para 20.000 niños, niñas y adolescentes en el departamento del Meta.",,,"Número de niños, niñas y adolescentes atendidos",,,,,sus metas producto están en 2 subprogramas distintos; subprograma_id queda NULL,41011014101|41011014102|41011024101|41011024103|41011024106,7
31,Desarrollar una (1) estrategia para consolidar planes de negocio que permitan fortalecer el emprendimiento.,,,Numero,,,2.1.1.1.2,FORTALECER EL EMPLEO A TRAVÉS DEL EMPRENDIMIENTO,,21011023601,1
32,"Desarrollar una (1) estrategia para fomentar,divulgar y exaltar las vocaciones en Ciencia, Tecnología, Innovación e Investigación.",,,Documento,,,2.1.2.1.1,"APROPIACIÓN DE LA CIENCIA, TECNOLOGÍA E INNOVACIÓN (ACTI) PARA LA COMPETITIVIDAD",,21021013901,1
33,"Diseñar una (1) estrategia que fortalezca el tejido empresarial que permita mejorar los índices de competitivad, sofistificación, innovación y acceso a mercados",,,Numero,,,,,sus metas producto están en 2 subprogramas distintos; subprograma_id queda NULL,21011013501,2
34,"Disminuir 4,89% el deficit habitacional en la zona urbana y/o rural del departamento del Meta, con una vivienda digna y garantizando las condiciones de habitabilidad.",,,"4,89% de deficit habitacional en la zona urbano y/o rural disminuido logrando un deficit total de 23,57% al cierre del cuatrienio",,,,,sus metas producto están en 5 subprogramas distintos; subprograma_id queda NULL,31011014001|31011014002|31011014003|31011014004|31011024003|31011024004|31011024001|31011024002|31011034001|31011034002|31011044001|31011054001,12
35,Disminuir el Índice de brecha de Habilidades Digitales (IHD) en el Departamento del Meta,,,Índice de habilidades digitales,,,,,sus metas producto están en 2 subprogramas distintos; subprograma_id queda NULL,61051032301|61051042301|61051042302|61051042303|61051042304,5
36,Disminuir el Índice de Brecha Digital (IBD) en el Departamento del Meta,,,Índice de brecha digital,,,,,sus metas producto están en 2 subprogramas distintos; subprograma_id queda NULL,61051012301|61051022301,3
37,Ejecución del Plan de Comunicaciones,,,Contenidos Producidos,,,6.1.6.1.1,ACCESO A LA INFORMACIÓN,,61061012301|61062012302,2
38,Elaborar un (1) plan para potencializar la internacionalización,,,Documento,,,2.1.3.2.1,INTERNACIONALIZACIÓN COMO POLÍTICA PÚBLICA,,21032013503,3
39,"Estructurar e institucionalizar el Plan de Ordenamiento Territorial - POT- que contemple el desarrollo sostenible desde lo social, económico y ambiental desde un análisis subregional.",,,Plan de Ordenamiento Departamental estructurado,,,,,sus metas producto están en 2 subprogramas distintos; subprograma_id queda NULL,61011034001|61011034002|61011034003|61011034501|61011034502|61011034503|61011044507,7
40,Facilitar el acceso al 100% de la oferta en el departamento del Meta de los programas de reparación integral.,,,Víctimas reparadas administrativamente,,,1.1.3.3.1,REPARACIÓN INTEGRAL,,11033014101|11033014102|11033014103|11033014104|11033014105,5
41,Fiscalizar a 14 EAPB habilitadas,,,Salud - Tasa de mortalidad (x cada 1.000 habitantes),,,4.1.7.1.1,"FORTALECIMIENTO DE LA INSPECCIÓN, VIGILANCIA Y CONTROL A LAS ENTIDADES DEL SECTOR SALUD",,41071011902,1
42,Fiscalizar en 26 municipios los objetos y sujetos de interés sanitario,,,Salud - Tasa de mortalidad (x cada 1.000 habitantes),,,4.1.7.1.2,FISCALIZACIÓN SANITARIA DE BIENES Y SERVICIOS DE USO Y CONSUMO HUMANO,,41071021903,1
43,Fiscalizar en 29 municipios los objetos y sujetos de interés sanitario para medicamentos,,,Salud - Tasa de mortalidad (x cada 1.000 habitantes),,,4.1.7.1.2,FISCALIZACIÓN SANITARIA DE BIENES Y SERVICIOS DE USO Y CONSUMO HUMANO,,41071021904|41071021905,2
44,Fomentar la transición hacia un modelo energético sostenible y diversificado en el departamento del Meta,,,Número de beneficiados con soluciones de generación de energía,,,,,sus metas producto están en 3 subprogramas distintos; subprograma_id queda NULL,,4
45,"Formular e implementar una (1) política pública del Sistema Departamental del Cuidado SIDECU basada en el desarrollo humano, con enfoque poblacional, diferencial de genero, interseccional, territorial y étnico.",,,Cuidadoras beneficiadas de la oferta institucional,,,4.1.5.4.1,INSTITUCIONALIZACIÓN DEL SISTEMA DEPARTAMENTAL DEL CUIDADO,la misma meta resultado aparece con 2 indicadores distintos; hay una fila por indicador,,1
46,"Formular e implementar una (1) política pública del Sistema Departamental del Cuidado SIDECU basada en el desarrollo humano, con enfoque poblacional, diferencial de genero, interseccional, territorial y étnico.",,,Iniciativas productivas fortalecidas,,,4.1.5.4.1,INSTITUCIONALIZACIÓN DEL SISTEMA DEPARTAMENTAL DEL CUIDADO,la misma meta resultado aparece con 2 indicadores distintos; hay una fila por indicador,,1
47,"Fortalecer 6 sistemas productivos agropecuarios, servicios para la producción y comercialización",,,Sistemas productivos con infraestructura y servicios,,,2.1.4.2.1,INFRAESTRUCTURA Y ACTIVOS PRODUCTIVOS,,21042011701|21042011702,2
48,Fortalecer al 100 % las entidades sin ánimo de lucro para garantizar su activa participación,,,Entidades sin ánimo de lucro activos,,,1.1.1.2.4,ORGANIZACIONES SOCIALES Y COMUNALES,,,1
49,"Fortalecer al 100 % las organizaciones sociales, para garantizar su activa participación",,,Organismos de accion comunal activos,,,1.1.1.2.4,ORGANIZACIONES SOCIALES Y COMUNALES,,11012014503,5
50,Fortalecer el desarrollo territorial del departamento del Meta a través de una infraestructura de calidad que garantice un servicio de conectividad óptimo,,,Estudios de preinversión elaborados,,,2.1.10.1.5,FORTALECIMIENTO DE LA CAPACIDAD INSTITUCIONAL,la misma meta resultado aparece con 2 indicadores distintos; hay una fila por indicador,21101054502,1
51,Fortalecer el desarrollo territorial del departamento del Meta a través de una infraestructura de calidad que garantice un servicio de conectividad óptimo,,,"Malla vial urbana, secundaria y terciaria en óptimas condiciones",,,,,la misma meta resultado aparece con 2 indicadores distintos; hay una fila por indicador; sus metas producto están en 4 subprogramas distintos; subprograma_id queda NULL,21101012401|21101012402|21101012403|21101012404|21101012405|21101012406|21101022401|21101032401|21101052401|21101052402|21101052403,11
52,"Fortalecer espacios públicos para la interacción social, la actividad física y la recreación",,,Infraestructuras de espacios públicos adecuada,,,2.1.10.1.4,EJECUCIÓN DE OBRAS PARA LA UNIDAD,la misma meta resultado aparece con 2 indicadores distintos; hay una fila por indicador,21101044002,1
53,"Fortalecer espacios públicos para la interacción social, la actividad física y la recreación",,,Infraestructuras de espacios públicos construida,,,2.1.10.1.4,EJECUCIÓN DE OBRAS PARA LA UNIDAD,la misma meta resultado aparece con 2 indicadores distintos; hay una fila por indicador,21101044001,1
54,FORTALECER LA CONSERVACIÓN DE LOS ECOSISTEMAS ESTRATÉGICOS BIODIVERSOS MEDIANTE LA IMPLEMENTACION DE 9 ACCIONES DE GESTIÓN AMBIENTAL EN EL DEPARTAMENTO,,,Acciones de adaptación y mitigación,,,2.1.5.1.1,POLÍTICA PUBLICA AMBIENTAL,la misma meta resultado aparece con 2 indicadores distintos; hay una fila por indicador,21052023201|21053033201|21061013201|21061023203|21071014501,7
55,FORTALECER LA CONSERVACIÓN DE LOS ECOSISTEMAS ESTRATÉGICOS BIODIVERSOS MEDIANTE LA IMPLEMENTACION DE 9 ACCIONES DE GESTIÓN AMBIENTAL EN EL DEPARTAMENTO,,,Documento diseñado con acciones de conservación de ecosistemas,,,2.1.5.1.1,POLÍTICA PUBLICA AMBIENTAL,la misma meta resultado aparece con 2 indicadores distintos; hay una fila por indicador,21051013201|21052013201|21053013201|21053013202|21061023201|21061023202,6
56,"Fortalecer la empresa de servicios publicos del Meta como gestor del PDA, prestador del servicio publico formulador y ejecutor de proyectos",,,Empresa de servicios publicos fortalecida,,,3.1.2.1.4,FORTALECER LA PRESTACIÓN DE SERVICIOS PÚBLICOS DE AGUA POTABLE Y SANEAMIENTO BÁSICO,,31021044001|31021044002,2
57,Fortalecer la gobernanza a través de la vinculación de productores agropecuarios en 24 espacios de participación territorial,,,Espacios de participación territorial,,,2.1.4.4.3,SISTEMA DE INFORMACIÓN AGROPECUARIA,,21044031701,1
58,Fortalecer la infraestructura agroindustrial para mejorar la competitividad productiva en el departamento y su comercialización en la region,,,Infraestructura agroindustrial para la competitividad y comercializacion adecuada,,,2.1.10.1.4,EJECUCIÓN DE OBRAS PARA LA UNIDAD,la misma meta resultado aparece con 3 indicadores distintos; hay una fila por indicador,21042011703|21101041301,2
59,Fortalecer la infraestructura agroindustrial para mejorar la competitividad productiva en el departamento y su comercialización en la region,,,Infraestructura agroindustrial para la competitividad y comercializacion construida,,,2.1.10.1.4,EJECUCIÓN DE OBRAS PARA LA UNIDAD,la misma meta resultado aparece con 3 indicadores distintos; hay una fila por indicador,21042011704,1
60,Fortalecer la infraestructura agroindustrial para mejorar la competitividad productiva en el departamento y su comercialización en la region,,,Infraestructura agroindustrial para la competitividad y comercializacion realizada,,,2.1.10.1.4,EJECUCIÓN DE OBRAS PARA LA UNIDAD,la misma meta resultado aparece con 3 indicadores distintos; hay una fila por indicador,21101041702|21101041703,2
61,"Fortalecer la Infraestructura comunitaria para fomentar la participación ciudadana, fortalecer la democracia local y el desarrollo comunitario",,,Infraestructura comunitaria realizada,,,2.1.10.1.3,FORTALECIMIENTO DE LA INFRAESTRUCTURA SOCIAL Y PARTICIPATIVA,,21101034101,1
62,"Fortalecer la infraestructura cultural es esencial para asegurar un acceso efectivo a los procesos culturales, constituyendo un pilar fundamental en el desarrollo humano y comunitario",,,Infraestructuras culturales realizadas,,,2.1.10.1.5,FORTALECIMIENTO DE LA CAPACIDAD INSTITUCIONAL,,21101053301,1
63,"Fortalecer la infraestructura gubernamental para garantizar un gobierno eficiente, transparente y orientado al servicio público.",,,Infraestructuras gubernamentales realizadas,,,2.1.10.1.4,EJECUCIÓN DE OBRAS PARA LA UNIDAD,,21101044501,1
64,Fortalecer la infraestructura turística con un impacto en el desarrollo urbano y economico en la creación de espacios más equitativos,,,Infraestructura turistica realizada,,,2.1.10.1.4,EJECUCIÓN DE OBRAS PARA LA UNIDAD,,21101043506,1
65,"Fortalecer los procesos logísticos e institucionales de asistencia técnica, administrativos, jurídica y financiera para el seguimiento, apoyo supervisión para los proyectos de vivienda.",,,"Servicio de asistencia técnica, jurídica y financiera",,,,,sus metas producto están en 2 subprogramas distintos; subprograma_id queda NULL,31011064001|31011074001,2
66,Garantizar el 100% de cumplimiento del plan de acción del cuatrienio de la Ordenanza 1145 de 2021,,,% cumplimiento del Plan de Acción,,,1.1.2.4.1,POLÍTICA PÚBLICA Y ACCIONES PARA LA PROMOCIÓN Y GARANTÍA DE LA LIBERTAD RELIGIOSA EN EL META,,11024014501|11024014502|11024014503,3
67,"Garantizar el 100% de la participación incidencia e impulso de acciones con enfoque territorial desde las instancias de paz, reconciliación, convivencia y reincorporación.",,,"% de participación e incidencia en las instancias de paz, reconciliación, convivencia y reincorporación",,,,,sus metas producto están en 2 subprogramas distintos; subprograma_id queda NULL,11023014501|11023014502|11023014503|11023014504|11023024501|11023024502|11023024503,7
68,"Garantizar la prestación del servicio educativo al 100% de los estudiantes matriculados en los establecimientos educativos con las estratagias de calidad, cobertura y permanencia.",,,Estudiantes atendidos en establecimientos educativos,,,,,sus metas producto están en 8 subprogramas distintos; subprograma_id queda NULL,41081022201|41081022202|41081032201|41081042201|41081052201|41081052202|41081052203|41081052204|41081052205|41081062201|41082012201|41082012202|41082012203|41082012204|41082012205|41082012206|41082012207|41082012208|41082012209,22
69,"Garantizar una vida libre de violencias basadas e género en los veintinueve (29) municipios del Departamento del Meta, a través del empoderamiento económico y el fortalecimiento delliderazo en los diferentes sectores.",,,Estrategias Implementadas,,,,,sus metas producto están en 9 subprogramas distintos; subprograma_id queda NULL,41051014501|41051014502|41051014503|41051024502|41052014101|41052014102|41052024101|41052034102|41052044501|41053014501|41053014102,13
70,Generar una (1) estrategia de apoyo institucional para fortalecer proyectos de CTeI con enfoque territorial y diferencial.,,,Numero,,,2.1.3.1.1,"FONDO DEPARTAMENTAL PARA LA CIENCIA, TECNOLOGÍA E INNOVACIÓN",,21031013901,1
71,"Implementar el Sistema Integrado de gestión del Instituto de Turísmo del Meta, en el Marco del Modelo Integrado de Planeación y Gestión MIPG",,,Sistema Integrado de Gestión Implementado,,,2.1.8.1.1,POLÍTICA PÚBLICA Y CONSTRUCCIÓN E IMPLEMENTACIÓN DE INSTRUMENTOS DE PLANEACIÓN,,21085014501,1
72,Implementar una (1) estrategia de desarrollo empresarial para fortalecer los encadenamientos y aglomeraciones productivas,,,Numero,,,,,sus metas producto están en 3 subprogramas distintos; subprograma_id queda NULL,21011043501|21011043502|21011053501|21011063501,4
73,"Implementar una (1) Política Pública de para la inclusión de la población LGBTI del Departamento del Meta, con enfoque interseccional, territorial y étnico.",,,Numero de espacios realizados,,,4.1.6.1.1,PARTICIPACIÓN INCLUSIVA Y POLÍTICA PÚBLICA OSIGD,la misma meta resultado aparece con 3 indicadores distintos; hay una fila por indicador,41061014502,1
74,"Implementar una (1) Política Pública de para la inclusión de la población LGBTI del Departamento del Meta, con enfoque interseccional, territorial y étnico.",,,Personas Certificadas,,,4.1.6.2.1,"POBLACIÓN CON ORIENTACIONES SEXUALES, IDENTIDADES Y EXPRESIONES DE GÉNERO DIVERSAS-OSIGD PRODUCTIVA",la misma meta resultado aparece con 3 indicadores distintos; hay una fila por indicador,41062024101,1
75,"Implementar una (1) Política Pública de para la inclusión de la población LGBTI del Departamento del Meta, con enfoque interseccional, territorial y étnico.",,,Politica Pública Implementada,,,,,la misma meta resultado aparece con 3 indicadores distintos; hay una fila por indicador; sus metas producto están en 2 subprogramas distintos; subprograma_id queda NULL,41061014501|41062024102,2
76,IMPLEMENTAR UNA ESTRATÉGIA PARA LA ADAPTACIÓN Y MITIGACIÓN AL CAMBIO CMIMÁTICO,,,Acciones de adaptación y mitigación,,,2.1.5.1.1,POLÍTICA PUBLICA AMBIENTAL,,21071023201|21071023202|21071023203|21071023204,4
77,"Implementar una Política Pública de Hábitat para las Familias del Meta, con enfoque poblacional, diferencial de genero, interseccional, territorial y étnico.",,,Servicio de asistencia en temas de desarrollo de habilidades no cognitivas para la inclusión productiva,,,4.1.5.1.3,FAMILIAS SEGURAS,,41051034501|41051034502|41051034503|41051034504,4
78,Impulsar 20 herramientas de apoyo a la comercialización en el sector agropecuario,,,Herramientas de apoyo a la comercialización,,,2.1.4.3.1,INSTRUMENTOS PARA MEJORAR LA COMERCIALIZACIÓN,,21043011701|21043011702|21043011703|21043011704|21043011705,5
79,"Impulsar la modernización de la industria minera del Meta mediante la implementación de estrategias integrales que promuevan la adopción de tecnologías innovadoras, el fortalecimiento de capacidades locales",,,Espacios de la industria minera impulsados,,,2.1.11.2.1,MINERÍA RESPONSABLE,,,1
80,Incentivar en 1100 productores agropecuarios la sostenibilidad en los sistemas productivos a través de emprendimientos y proyectos agropecuarios,,,Productores agropecuarios incentivados,,,,,sus metas producto están en 2 subprogramas distintos; subprograma_id queda NULL,21041011701|21041011702|21041011703|21041021701,4
81,"Incrementar al 16% los beneficiarios en programas deportivos, recreativos y actividades de hábitos y estilos de vida saludable",,,"Porcentaje de personas beneficiadas en procesos deportivos, recreativos y de hábitos y estilos de vida saludable",,,,,sus metas producto están en 2 subprogramas distintos; subprograma_id queda NULL,41101014301|41101014302|41101014303|41101014304|41101014305|41101014306|41101014307|41101024301|41101024302,9
82,Incrementar el Índice de Gobierno Digital (IGD) en el Departamento del Meta,,,Índice de gobierno digital,,,,,sus metas producto están en 5 subprogramas distintos; subprograma_id queda NULL,61052022301|61052012302|61052012301|61052022302|61052032301|61052032302|61052062301,8
83,Incrementar el Índice Departamental de Competitividad (IDC) en el Meta,,,Índice departamental de competitividad,,,,,sus metas producto están en 2 subprogramas distintos; subprograma_id queda NULL,61052052301|61052052302,4
84,Incrementar los apoyos financieros de 2.155 a 4455 créditos durante el cuatrnio,,,Numero de apoyos financieros otorgados,,,4.1.8.4,APOYOS FINANCIEROS PARA TRANSFORMAR VIDAS,,41984012201|41084012202,2
85,Incremento en 200 empresas formalizadas de la cadena de valor del sector turístico,,,Empresas Formalizadas,,,2.1.8.1.1,POLÍTICA PÚBLICA Y CONSTRUCCIÓN E IMPLEMENTACIÓN DE INSTRUMENTOS DE PLANEACIÓN,la misma meta resultado aparece con 2 indicadores distintos; hay una fila por indicador,21081013501|21081013502|21081013503|21081013504|21081013505|21081013506|21081023501|21082013501|21082013502|21082013503|21082013504|21083013501|21083013502|21083023501|21083023502|21083023503|21083033502|21084013501|21084013502|21084013503,21
86,Incremento en 200 empresas formalizadas de la cadena de valor del sector turístico,,,Personas beneficiadas,,,2.1.8.1.1,POLÍTICA PÚBLICA Y CONSTRUCCIÓN E IMPLEMENTACIÓN DE INSTRUMENTOS DE PLANEACIÓN,la misma meta resultado aparece con 2 indicadores distintos; hay una fila por indicador,21083033501,1
87,Llegar al 80% del Saneamiento Fiscal y Financiero a 31 diciembre de 2027,,,Porcentaje de cuentas depuradas,,,6.1.2.1.1,FORTALECIMIENTO FISCAL Y FINANCIERO,,61021014501,1
88,Mantener el índice de desempeño en los resultados de la medición del desempeño Institucional del Sistema de Control Interno de la Gobernación del Meta.,,,Indice de desempeño institucional - (dimensión de control interno),,,,,sus metas producto están en 2 subprogramas distintos; subprograma_id queda NULL,61081014501|61081024501,2
89,Mantener en cero (0) la mortalidad por Malaria en el departamento,,,Salud - Tasa de mortalidad (x cada 1.000 habitantes),,,4.1.7.2.2,PLAN DE SALUD PÚBLICA DE INTERVENCIONES COLECTIVAS,,41072021905,1
90,Mantener en cero la letalidad por rabia,,,Salud - Tasa de mortalidad (x cada 1.000 habitantes),,,4.1.7.2.4,"PROMOCIÓN Y PREVENCIÓN DE LOS FACTORES DE RIESGO FÍSICO, QUÍMICO Y BIOLÓGICO",,41072041901,1
91,Mantener la cobertura de afiliación al Sistema General de Seguridad Social en Salud (SGSSS) mayor o igual a 96% de la población DANE reportada para el departamento del Meta.,,,Salud - Afiliados al régimen subsidado,,,4.1.7.3.1,FORTALECIMIENTO DE LA AFILIACIÓN AL RÉGIMEN SUBSIDIADO DEL SISTEMA GENERAL DE SEGURIDAD SOCIAL EN SALUD,,41073011901,1
92,"Mantener menor o igual a 0,11 % la letalidad anual por Dengue en el departamento de Meta",,,Salud - Incidencia del dengue,,,4.1.7.1.3,ENFERMEDADES TRANSMITIDAS POR VECTORES,,41071031901,1
93,"Mantener menor o igual a 2,4 la tasa de mortalidad por EDA en menores de 5 años en el departamento del Meta",,,Salud - Mortalidad en menores de 5 años por enfermedad diarréica aguda (EDA),,,4.1.7.2.2,PLAN DE SALUD PÚBLICA DE INTERVENCIONES COLECTIVAS,,,1
94,"Mantener menor o igual a 46,6 la razón de mortalidad materna en el departamento del Meta",,,Salud - Razón de mortalidad materna a 42 días,,,4.1.7.2.5,SEXUALIDAD Y DERECHOS SEXUALES Y REPRODUCTIVOS,,41072051901,1
95,"Mantener menor o igual a 7,2 la tasa de mortalidad de suicidio en el departamento",,,Salud - Tasa ajustada de mortalidad por lesiones autoinfligidas intencionalmente (suicidios),,,4.1.7.2.2,PLAN DE SALUD PÚBLICA DE INTERVENCIONES COLECTIVAS,,41072021904,1
96,Mantener menor o igual la prevalencia de consumo de marihuana en la población escolar,,,,,,4.1.7.2.7,SALUD MENTAL,,41072071902,1
97,Mejorar en 20% la satisfacción y la percepción de calidad de los usuarios de los servicios de salud,,,Salud - Tasa de mortalidad (x cada 1.000 habitantes),,,,,sus metas producto están en 9 subprogramas distintos; subprograma_id queda NULL,41072111901|41072121901|41072131901|41073041901|41073051901|41073051902|41073051903|41073051904|41073071901|41073071902|41073081901|41073091901,13
98,"Mejorar la calidad de vida de los habitantes mediante el impulso del desarrollo económico y social, garantizando la distribución y comercialización de servicios públicos esenciales para asegurar el bienestar y la igualdad de todos los ciudadanos.",,,"Programa, proyecto o iniciativa apoyado",,,,,sus metas producto están en 5 subprogramas distintos; subprograma_id queda NULL,,6
99,Minimizar los riesgos legales al implementar medidas proactivas que fortalezcan la gestión de la defensa jurídica del Departamento.,,,"Entidades, organismos y dependencias asistidos técnicamente",,,6.1.3.1.2,DEFENSA JUDICIAL,,61031024501,1
100,Minimizar los riesgos legales al implementar medidas proactivas y preventivas en la gestión a partir de la formulación y seguimiento de acciones encaminadas a la prevención del daño antijurídico en los asuntos judiciales del departamento.,,,Documento de lineamientos técnicos realizados,,,6.1.3.1.1,PREVENCIÓN DEL DAÑO ANTIJURÍDICO,la misma meta resultado aparece con 2 indicadores distintos; hay una fila por indicador,61031014501,1
101,Minimizar los riesgos legales al implementar medidas proactivas y preventivas en la gestión a partir de la formulación y seguimiento de acciones encaminadas a la prevención del daño antijurídico en los asuntos judiciales del departamento.,,,"Entidades, organismos y dependencias asistidos técnicamente",,,6.1.3.1.1,PREVENCIÓN DEL DAÑO ANTIJURÍDICO,la misma meta resultado aparece con 2 indicadores distintos; hay una fila por indicador,61031014502,1
102,"Optimizar la cobertura de la Emisora La Voz de los Llaneros, en los 22 Municipios donde se puede recibir la señal, y posicionar su funcionamiento.",,,Contenidos Circulados,,,6.1.6.1.1,ACCESO A LA INFORMACIÓN,,61062012301,1
103,Producir y recopilar información para generar análisis que guíe la toma de decisiones teniendo en cuenta los enfoques del plan de desarrollo y las políticas públicas.,,,Documentos técnicos estadísticos y de análisis de políticas públicas elaborados,,,,,sus metas producto están en 2 subprogramas distintos; subprograma_id queda NULL,61011010401|61011024501,2
104,"Promover en 3570 productores la asociatividad a través de herramientas financieras, asociativas y/o productivas para el fortalecimiento del sector agropecuario",,,Productores agropecuarios incentivados,,,2.1.4.1.3,MÁS ASOCIATIVIDAD,la misma meta resultado aparece con 2 indicadores distintos; hay una fila por indicador,21041031701,1
105,"Promover en 3570 productores la asociatividad a través de herramientas financieras, asociativas y/o productivas para el fortalecimiento del sector agropecuario",,,Productores agropecuarios promovidos,,,,,la misma meta resultado aparece con 2 indicadores distintos; hay una fila por indicador; sus metas producto están en 2 subprogramas distintos; subprograma_id queda NULL,21041031702|21041031703|21041031704|21041031705|21041031706|21041041701,6
106,"Realizar anualmente la asistencia tecnicamente a entidades, organismos y dependencias en la gestión de proyectos de infratestructura en el departamento del Meta",,,"Entidades, organismos y dependencias asistidos técnicamente por año",,,2.1.10.1.5,FORTALECIMIENTO DE LA CAPACIDAD INSTITUCIONAL,,21101054501,1
107,Realizar estudio y análisis de la infraestructura de transporte aereo para identificar oportunidades de conexión.,,,Estudios de transporte aéreo realizados,,,2.1.10.1.1,FORTALECIMIENTO DE LA INFRAESTRUCTURA EN LOS DIFERENTES MODOS DE TRANSPORTE,,21101012407,1
108,"Recopilar, actualizar y disponer la información que permita realizar el seguimiento al Plan de Desarrollo y realizar asistencia técnica en la formulación y seguimiento de proyectos de inversión con enfoque poblacional-diferencial y de género en la Gobernación del Meta",,,Número de informes de seguimiento al Plan de Desarrollo publicados.,,,6.1.1.1.4,"PLANEACIÓN, SEGUIMIENTO Y CONTROL DE LA INVERSIÓN",,61011044501|61011044502|61011044503|61011044504|61011044505|61011044506,6
109,"Reducir a 12,4% la incidencia de pobreza multidimensional en el departamento del Meta",,,Porcentaje de incidencia de pobreza multidimensional,,,,,sus metas producto están en 2 subprogramas distintos; subprograma_id queda NULL,41011024102,2
110,Reducir a 15 la tasa de mortalidad por IRA en menores de 5 años en el departamento del Meta,,,Salud - Mortalidad en menores de 5 años por infección respiratoria aguda (IRA),,,4.1.7.2.8,ENFERMEDADES TRANSMISIBLES,,41072081906,1
111,Reducir a 230 la tasa de mortalidad prematura por enfermedades no transmisibles en la población de 30 a 70 años del departamento de Meta,,,Salud - Tasa de mortalidad prematura por enfermedades del sistema circulatorio,,,,,sus metas producto están en 2 subprogramas distintos; subprograma_id queda NULL,41072021908|41072091901,2
112,Reducir a 230 la tasa de violencia de genero e intrafamiliar en el departamento del Meta,,,Salud - Tasa de mortalidad (x cada 1.000 habitantes),,,4.1.7.2.7,SALUD MENTAL,,41072071901,1
113,Reducir a 3.0 la tasa de mortalidad por tuberculosis en el Departamento del Meta,,,Salud - Incidencia de la tuberculosis,,,4.1.7.2.8,ENFERMEDADES TRANSMISIBLES,,41072081907,1
114,"Reducir a 3,5 la tasa de neumonía asociada a la ventilación en el Departamento",,,Salud - Tasa de mortalidad (x cada 1.000 habitantes),,,4.1.7.2.8,ENFERMEDADES TRANSMISIBLES,,41072081905,1
115,"Reducir a 5 la tasa de mortalidad por desnutrición aguda en niños menores de 5 años, en el Departamento",,,Salud - Mortalidad por desnutrición en menores de 5 años,,,,,sus metas producto están en 2 subprogramas distintos; subprograma_id queda NULL,41072021907|41072061901,2
116,"Reducir el indice del IRCA de medio alto a bajo, con los parametros de calidad del agua exigidos por la normatividad",,,Ampliar sistemas de acueducto para regular los parametros de calidad del agua,,,3.1.2.1.1,AGUA PARA TODOS,,31021014001|31021014002|31021014003,3
117,Reducir el número de familias afectadas por desastres,,,Implementar una estregia para la adaptaciòn y mitigacion al cambio climatico,,,,,sus metas producto están en 3 subprogramas distintos; subprograma_id queda NULL,61071014502|61071024504|61071024505|61071024506|61071024507|61071034501,6
118,Reducir el número de muertes directamente por desastres,,,Implementar una estregia para la adaptaciòn y mitigacion al cambio climatico,,,,,sus metas producto están en 2 subprogramas distintos; subprograma_id queda NULL,61071014501|61071024501|61071024503,4
119,Reducir en un 5% los delitos de alto impacto que se registran en el departamento del Meta,,,% de reducción de delitos de alto impacto que miden la inseguridad,,,,,sus metas producto están en 6 subprogramas distintos; subprograma_id queda NULL,,17
120,"Reducir la tasa de muertes por accidentes de tránsito en 32,88 siniestros anuales por cada 100.000 habitantes",,,Número de muertes por siniestros de tránsito,,,,,sus metas producto están en 2 subprogramas distintos; subprograma_id queda NULL,11041012401|11041012402|11041012403|11041032401,4
121,Tansferir el 100% de los recursos en los términos establecidos,,,Salud - Tasa de mortalidad (x cada 1.000 habitantes),,,,,sus metas producto están en 4 subprogramas distintos; subprograma_id queda NULL,41073021901|41073031901|41073041902|41073041903|41073061901,5
122,Verificar que el 70% de los prestadores de servicios de salud cumplan los estándares y criterios para la habilitación de los servicios de salud del SOGCS,,,Salud - Tasa de mortalidad (x cada 1.000 habitantes),,,4.1.7.1.1,"FORTALECIMIENTO DE LA INSPECCIÓN, VIGILANCIA Y CONTROL A LAS ENTIDADES DEL SECTOR SALUD",,41071011903,1
