codigo_dane,nombre,subregion,activo
50001,Villavicencio,Capital-Cordillera,1
50006,Acacías,Alto Ariari-Centro,1
50110,Barranca de Upía,Río Meta,1
50124,Cabuyaro,Río Meta,1
50150,Castilla la Nueva,Alto Ariari-Centro,1
50223,Cubarral,Alto Ariari-Centro,1
50226,Cumaral,Capital-Cordillera,1
50245,El Calvario,Capital-Cordillera,1
50251,El Castillo,Ariari,1
50270,El Dorado,Alto Ariari-Centro,1
50287,Fuente de Oro,Ariari,1
50313,Granada,Ariari,1
50318,Guamal,Alto Ariari-Centro,1
50325,Mapiripán,Bajo Ariari-Sur,1
50330,Mesetas,La Macarena,1
50350,La Macarena,La Macarena,1
50370,Uribe,La Macarena,1
50400,Lejanías,Ariari,1
50450,Puerto Concordia,Bajo Ariari-Sur,1
50568,Puerto Gaitán,Río Meta,1
50573,Puerto López,Río Meta,1
50577,Puerto Lleras,Ariari,1
50590,Puerto Rico,Bajo Ariari-Sur,1
50606,Restrepo,Capital-Cordillera,1
50680,San Carlos de Guaroa,Alto Ariari-Centro,1
50683,San Juan de Arama,Ariari,1
50686,San Juanito,Capital-Cordillera,1
50689,San Martín,Ariari,1
50711,Vistahermosa,La Macarena,1
